City_ID,City,Country,Date,Lat,Lng,Max Temp,Humidity,Cloudiness,Wind Speed,Description
0,Cherskiy,RU,2020-09-27 00:36:55,68.75,161.3,42.35,69,0,19.66,clear sky
1,Ostrovnoy,RU,2020-09-27 00:36:56,68.05,39.51,42.39,87,100,14.2,overcast clouds
2,College,US,2020-09-27 00:36:56,64.86,-147.8,53.6,58,40,3.36,scattered clouds
3,Farafangana,MG,2020-09-27 00:36:56,-22.82,47.83,67.51,86,9,9.71,clear sky
4,Estelle,US,2020-09-27 00:36:56,29.85,-90.11,79.0,94,1,3.36,clear sky
5,Kodiak,US,2020-09-27 00:36:56,57.79,-152.41,51.8,76,20,8.05,few clouds
6,Vostok,RU,2020-09-27 00:36:57,46.49,135.88,52.7,57,1,5.88,clear sky
7,Waipawa,NZ,2020-09-27 00:36:57,-41.41,175.52,59.0,72,78,29.97,broken clouds
8,Carnarvon,AU,2020-09-27 00:36:57,-24.87,113.63,68.0,64,11,13.87,few clouds
9,New Norfolk,AU,2020-09-27 00:36:57,-42.78,147.06,52.0,65,77,3.0,broken clouds
10,Saldanha,ZA,2020-09-27 00:36:57,-33.01,17.94,42.8,75,18,1.12,few clouds
11,Ushuaia,AR,2020-09-27 00:32:00,-54.8,-68.3,35.6,93,40,16.11,shower rain
12,Punta Arenas,CL,2020-09-27 00:36:58,-53.15,-70.92,39.2,76,75,6.93,broken clouds
13,Murdochville,CA,2020-09-27 00:36:58,48.96,-65.5,55.89,89,100,13.31,overcast clouds
14,Port Alfred,ZA,2020-09-27 00:36:58,-33.59,26.89,52.48,63,2,15.55,clear sky
15,Castro,BR,2020-09-27 00:36:58,-24.79,-50.01,66.63,52,0,4.5,clear sky
16,Mataura,NZ,2020-09-27 00:36:59,-46.19,168.86,46.0,85,100,13.0,overcast clouds
17,East London,ZA,2020-09-27 00:36:59,-33.02,27.91,55.26,56,4,16.4,clear sky
18,Hilo,US,2020-09-27 00:27:07,19.73,-155.09,84.2,62,90,5.82,overcast clouds
19,Sosnogorsk,RU,2020-09-27 00:32:10,63.6,53.88,49.19,95,84,6.31,broken clouds
20,Tiksi,RU,2020-09-27 00:37:00,71.69,128.87,41.68,79,100,6.26,overcast clouds
21,Saint George,US,2020-09-27 00:35:17,37.1,-113.58,91.4,8,1,14.99,clear sky
22,Bengkulu,ID,2020-09-27 00:37:00,-3.8,102.27,77.45,83,93,5.86,overcast clouds
23,Yellowknife,CA,2020-09-27 00:37:01,62.46,-114.35,44.01,100,90,5.82,light rain
24,Hamilton,US,2020-09-27 00:36:45,39.18,-84.53,71.01,77,1,4.7,clear sky
25,Qaanaaq,GL,2020-09-27 00:32:55,77.48,-69.36,13.19,76,91,6.98,overcast clouds
26,Saint-Paul,RE,2020-09-27 00:37:01,-21.01,55.27,69.8,68,0,12.75,clear sky
27,Rikitea,PF,2020-09-27 00:26:27,-23.12,-134.97,74.55,83,0,14.25,clear sky
28,Kayerkan,RU,2020-09-27 00:37:01,69.35,87.76,42.8,93,75,24.61,light rain
29,Esperance,AU,2020-09-27 00:32:44,-33.87,121.9,57.2,93,75,12.75,broken clouds
30,Birjand,IR,2020-09-27 00:37:02,32.87,59.22,55.4,20,0,11.41,clear sky
31,Quatre Cocos,MU,2020-09-27 00:37:02,-20.21,57.76,68.0,88,75,3.36,broken clouds
32,Doha,QA,2020-09-27 00:36:31,25.29,51.53,87.8,70,0,6.93,clear sky
33,Chokurdakh,RU,2020-09-27 00:37:02,70.63,147.92,43.16,60,0,13.2,clear sky
34,Kapaa,US,2020-09-27 00:37:02,22.08,-159.32,86.0,58,1,11.41,clear sky
35,Galveston,US,2020-09-27 00:32:54,29.37,-94.97,82.99,65,1,9.17,clear sky
36,Sitka,US,2020-09-27 00:37:03,57.05,-135.33,57.2,71,75,6.93,broken clouds
37,Salalah,OM,2020-09-27 00:37:03,17.02,54.09,78.8,83,75,4.7,broken clouds
38,Banda Aceh,ID,2020-09-27 00:37:03,5.56,95.32,80.76,78,99,8.95,overcast clouds
39,Butaritari,KI,2020-09-27 00:27:10,3.07,172.79,82.27,74,98,10.58,overcast clouds
40,Grindavik,IS,2020-09-27 00:34:21,63.84,-22.43,44.6,93,75,11.41,broken clouds
41,Soure,BR,2020-09-27 00:37:04,-0.72,-48.52,80.01,79,90,12.44,overcast clouds
42,Bluff,NZ,2020-09-27 00:33:35,-46.6,168.33,46.0,85,100,13.0,overcast clouds
43,San Ignacio,BZ,2020-09-27 00:37:04,17.16,-89.07,82.4,88,75,4.7,broken clouds
44,Husavik,IS,2020-09-27 00:37:04,66.04,-17.34,50.0,71,100,13.87,overcast clouds
45,Cabo San Lucas,MX,2020-09-27 00:37:04,22.89,-109.91,84.99,74,20,6.93,few clouds
46,Hithadhoo,MV,2020-09-27 00:27:10,-0.6,73.08,82.33,68,96,4.5,overcast clouds
47,Provideniya,RU,2020-09-27 00:33:46,64.38,-173.3,37.24,73,66,10.94,broken clouds
48,Touros,BR,2020-09-27 00:37:05,-5.2,-35.46,75.2,83,20,6.93,few clouds
49,Tasiilaq,GL,2020-09-27 00:33:34,65.61,-37.64,34.47,91,100,3.56,overcast clouds
50,Arraial Do Cabo,BR,2020-09-27 00:36:07,-22.97,-42.03,73.17,87,0,22.26,clear sky
51,Grand Gaube,MU,2020-09-27 00:37:05,-20.01,57.66,68.0,82,28,3.0,light rain
52,Ribeira Grande,PT,2020-09-27 00:37:05,38.52,-28.7,70.23,88,95,10.42,light rain
53,Havelock,US,2020-09-27 00:34:42,34.88,-76.9,77.0,94,4,5.23,light rain
54,Faanui,PF,2020-09-27 00:37:06,-16.48,-151.75,78.93,78,87,12.86,overcast clouds
55,Galesong,ID,2020-09-27 00:37:06,-5.32,119.37,82.4,74,20,2.24,few clouds
56,Barrow,US,2020-09-27 00:37:06,71.29,-156.79,32.0,96,90,11.41,light snow
57,Souillac,MU,2020-09-27 00:37:06,-20.52,57.52,68.0,88,75,3.36,broken clouds
58,Hermanus,ZA,2020-09-27 00:37:06,-34.42,19.23,44.01,94,77,1.01,broken clouds
59,Kaitangata,NZ,2020-09-27 00:37:07,-46.28,169.85,51.01,60,44,15.99,scattered clouds
60,Lasem,ID,2020-09-27 00:37:07,-6.69,111.45,82.53,67,100,10.42,overcast clouds
61,Port Lincoln,AU,2020-09-27 00:36:06,-34.73,135.87,55.9,64,0,15.48,clear sky
62,Borazjan,IR,2020-09-27 00:37:07,29.27,51.22,75.99,42,0,2.06,clear sky
63,Khatanga,RU,2020-09-27 00:37:07,71.97,102.5,42.44,90,100,18.03,light rain
64,Mwense,ZM,2020-09-27 00:37:07,-10.38,28.7,65.32,69,0,3.36,clear sky
65,Puerto Ayora,EC,2020-09-27 00:37:08,-0.74,-90.35,69.01,87,27,4.0,scattered clouds
66,Pevek,RU,2020-09-27 00:37:08,69.7,170.31,36.66,92,80,9.95,broken clouds
67,Alburikent,RU,2020-09-27 00:37:08,42.97,47.47,66.2,88,20,6.71,few clouds
68,Ossora,RU,2020-09-27 00:37:08,59.24,163.07,47.93,65,88,7.47,overcast clouds
69,Cayenne,GF,2020-09-27 00:37:08,4.93,-52.33,80.6,83,0,2.24,clear sky
70,Umm Kaddadah,SD,2020-09-27 00:37:09,13.6,26.69,86.49,41,48,8.28,scattered clouds
71,Praya,CV,2020-09-27 00:37:09,14.92,-23.51,78.8,88,20,2.24,few clouds
72,Hailey,US,2020-09-27 00:37:09,43.52,-114.32,59.0,40,5,5.82,clear sky
73,Vangaindrano,MG,2020-09-27 00:37:09,-23.35,47.6,65.28,89,3,7.49,clear sky
74,Ginda,IN,2020-09-27 00:37:09,30.69,78.49,71.6,94,40,3.36,mist
75,Sisimiut,GL,2020-09-27 00:37:10,66.94,-53.67,34.16,89,100,8.95,overcast clouds
76,Jasper,US,2020-09-27 00:37:10,37.2,-94.35,79.0,57,1,16.11,clear sky
77,Albany,US,2020-09-27 00:35:31,42.6,-73.97,72.0,95,0,5.23,clear sky
78,Sterling,US,2020-09-27 00:36:47,39.01,-77.43,69.8,77,90,4.7,overcast clouds
79,Bethel,US,2020-09-27 00:33:03,41.37,-73.41,68.0,88,75,4.14,broken clouds
80,Mandalgovi,MN,2020-09-27 00:37:10,45.76,106.27,46.24,47,99,13.33,overcast clouds
81,Vaini,TO,2020-09-27 00:37:11,-21.2,-175.2,78.8,69,20,11.41,few clouds
82,Leningradskiy,RU,2020-09-27 00:37:11,69.38,178.42,33.35,94,100,9.13,overcast clouds
83,Mutsu,JP,2020-09-27 00:37:11,41.29,141.22,64.99,68,75,3.36,broken clouds
84,Petropavlovsk-Kamchatskiy,RU,2020-09-27 00:37:11,53.05,158.65,51.8,43,0,2.24,clear sky
85,Haines Junction,CA,2020-09-27 00:33:30,60.75,-137.51,45.73,78,100,5.97,light rain
86,Yulara,AU,2020-09-27 00:37:12,-25.24,130.99,68.0,20,0,13.87,clear sky
87,Ambilobe,MG,2020-09-27 00:33:13,-13.2,49.05,66.07,85,0,4.03,clear sky
88,Dikson,RU,2020-09-27 00:33:09,73.51,80.55,37.6,81,100,25.26,overcast clouds
89,Auki,SB,2020-09-27 00:37:12,-8.77,160.7,86.23,64,66,4.07,broken clouds
90,Tuktoyaktuk,CA,2020-09-27 00:37:12,69.45,-133.04,37.4,93,90,13.87,light rain
91,Puerto Escondido,MX,2020-09-27 00:33:48,15.85,-97.07,82.4,65,75,5.82,broken clouds
92,Upernavik,GL,2020-09-27 00:34:02,72.79,-56.15,28.65,92,99,5.32,overcast clouds
93,Coihaique,CL,2020-09-27 00:37:12,-45.58,-72.07,46.4,70,40,7.92,scattered clouds
94,Mumbwa,ZM,2020-09-27 00:37:13,-14.98,27.06,68.77,24,0,6.8,clear sky
95,Hobart,AU,2020-09-27 00:33:27,-42.88,147.33,52.0,49,75,12.75,broken clouds
96,Flinders,AU,2020-09-27 00:37:13,-34.58,150.86,63.0,42,75,9.17,broken clouds
97,Mar Del Plata,AR,2020-09-27 00:33:06,-38.0,-57.56,54.0,100,90,9.17,light rain
98,Ancud,CL,2020-09-27 00:37:13,-41.87,-73.82,48.99,90,60,5.64,broken clouds
99,Norman Wells,CA,2020-09-27 00:37:13,65.28,-126.83,44.6,70,75,5.82,broken clouds
100,Keti Bandar,PK,2020-09-27 00:37:14,24.14,67.45,80.92,80,7,16.22,clear sky
101,Bani,DO,2020-09-27 00:37:14,18.28,-70.33,80.01,89,100,1.01,overcast clouds
102,Odweyne,SO,2020-09-27 00:37:14,9.41,45.06,75.29,54,0,7.34,clear sky
103,Walvis Bay,NA,2020-09-27 00:37:14,-22.96,14.51,51.01,81,0,3.36,clear sky
104,Panshi,CN,2020-09-27 00:37:15,42.94,126.06,61.09,73,0,4.99,clear sky
105,San Patricio,MX,2020-09-27 00:34:07,19.22,-104.7,86.0,74,40,6.93,scattered clouds
106,Cap Malheureux,MU,2020-09-27 00:37:15,-19.98,57.61,68.0,82,30,3.0,light rain
107,Cidreira,BR,2020-09-27 00:33:14,-30.18,-50.21,64.49,94,98,20.24,overcast clouds
108,Usinsk,RU,2020-09-27 00:37:15,65.99,57.53,48.38,95,100,13.4,overcast clouds
109,Avera,US,2020-09-27 00:34:10,33.19,-82.53,69.8,74,1,2.21,clear sky
110,Osorno,CL,2020-09-27 00:37:15,-40.57,-73.15,51.8,71,100,9.17,overcast clouds
111,Atuona,PF,2020-09-27 00:36:06,-9.8,-139.03,78.46,73,4,12.41,clear sky
112,Novo Aripuana,BR,2020-09-27 00:37:16,-5.12,-60.38,74.71,88,100,1.59,overcast clouds
113,Busselton,AU,2020-09-27 00:37:16,-33.65,115.33,53.01,100,100,6.51,overcast clouds
114,Cape Town,ZA,2020-09-27 00:36:07,-33.93,18.42,46.4,93,40,4.7,scattered clouds
115,Bambous Virieux,MU,2020-09-27 00:32:58,-20.34,57.76,68.0,88,75,3.36,broken clouds
116,Narsaq,GL,2020-09-27 00:33:28,60.92,-46.05,33.8,64,0,4.21,clear sky
117,Port-Cartier,CA,2020-09-27 00:37:16,50.03,-66.87,46.99,75,90,8.05,overcast clouds
118,Itoman,JP,2020-09-27 00:37:16,26.12,127.67,73.4,83,75,9.17,light rain
119,Saint-Philippe,RE,2020-09-27 00:33:30,-21.36,55.77,68.0,60,40,8.05,scattered clouds
120,Aborlan,PH,2020-09-27 00:37:17,9.44,118.55,80.6,88,40,4.7,scattered clouds
121,Alofi,NU,2020-09-27 00:35:46,-19.06,-169.92,77.0,69,78,19.46,broken clouds
122,Longyearbyen,SJ,2020-09-27 00:35:53,78.22,15.64,28.4,79,75,5.82,broken clouds
123,Sambava,MG,2020-09-27 00:37:17,-14.27,50.17,67.64,83,0,6.49,clear sky
124,Sorland,NO,2020-09-27 00:37:17,67.67,12.69,43.86,68,4,14.36,clear sky
125,Zhuhai,CN,2020-09-27 00:37:17,22.28,113.57,82.4,83,40,14.99,scattered clouds
126,Georgetown,MY,2020-09-27 00:37:06,5.41,100.34,78.8,78,40,5.82,scattered clouds
127,Hayvoron,UA,2020-09-27 00:37:18,48.34,29.87,65.89,80,98,17.98,light rain
128,Mount Gambier,AU,2020-09-27 00:37:18,-37.83,140.77,53.6,71,75,6.93,broken clouds
129,Klaksvik,FO,2020-09-27 00:37:18,62.23,-6.59,44.6,87,100,11.41,overcast clouds
130,Lorengau,PG,2020-09-27 00:37:18,-2.02,147.27,81.64,79,100,8.1,overcast clouds
131,Amazar,RU,2020-09-27 00:33:09,53.86,120.88,44.85,75,0,10.63,clear sky
132,Yerbogachen,RU,2020-09-27 00:37:19,61.28,108.01,41.27,72,0,7.29,clear sky
133,Clyde River,CA,2020-09-27 00:36:08,70.47,-68.59,28.4,86,90,10.29,overcast clouds
134,Ucluelet,CA,2020-09-27 00:33:45,48.93,-125.55,60.01,82,20,6.93,few clouds
135,Havre-Saint-Pierre,CA,2020-09-27 00:37:19,50.23,-63.6,46.4,75,90,9.17,overcast clouds
136,San Rafael,AR,2020-09-27 00:37:19,-34.62,-68.33,59.2,34,0,13.04,clear sky
137,El Porvenir,HN,2020-09-27 00:37:19,13.76,-87.35,77.0,73,75,6.93,broken clouds
138,Urumqi,CN,2020-09-27 00:37:20,43.8,87.6,46.4,55,24,4.47,few clouds
139,Bredasdorp,ZA,2020-09-27 00:37:20,-34.53,20.04,46.4,87,81,9.17,light rain
140,Bonavista,CA,2020-09-27 00:37:20,48.65,-53.11,52.23,71,100,8.43,overcast clouds
141,Bandiagara,ML,2020-09-27 00:37:20,14.35,-3.61,82.4,88,100,11.97,overcast clouds
142,Pisco,PE,2020-09-27 00:37:20,-13.7,-76.22,64.99,82,0,13.87,clear sky
143,Laredo,US,2020-09-27 00:35:25,27.51,-99.51,93.2,49,1,12.75,clear sky
144,Waingapu,ID,2020-09-27 00:37:21,-9.66,120.26,86.47,51,32,10.2,scattered clouds
145,Antsohihy,MG,2020-09-27 00:33:32,-14.88,47.99,65.91,89,0,4.63,clear sky
146,Ust-Kut,RU,2020-09-27 00:37:21,56.79,105.77,41.72,82,100,4.54,overcast clouds
147,Yarada,IN,2020-09-27 00:37:21,17.65,83.27,80.6,100,90,3.36,mist
148,Dudinka,RU,2020-09-27 00:37:21,69.41,86.18,42.8,93,75,24.61,light rain
149,Abha,SA,2020-09-27 00:37:22,18.22,42.51,66.2,27,0,4.7,clear sky
150,Beloha,MG,2020-09-27 00:37:22,-25.17,45.05,66.88,84,0,3.44,clear sky
151,Tuatapere,NZ,2020-09-27 00:37:22,-46.13,167.68,46.0,85,93,13.0,overcast clouds
152,Trairi,BR,2020-09-27 00:37:22,-3.28,-39.27,77.02,81,6,11.54,clear sky
153,Thompson,CA,2020-09-27 00:37:22,55.74,-97.86,51.8,76,75,5.82,broken clouds
154,Luderitz,NA,2020-09-27 00:37:23,-26.65,15.16,52.99,68,0,22.53,clear sky
155,Temnikov,RU,2020-09-27 00:37:23,54.63,43.21,48.16,59,27,7.63,scattered clouds
156,Chuy,UY,2020-09-27 00:36:08,-33.7,-53.46,60.85,93,100,9.86,moderate rain
157,Manokwari,ID,2020-09-27 00:37:23,-0.87,134.08,84.13,67,0,5.32,clear sky
158,Marsa Matruh,EG,2020-09-27 00:37:23,31.35,27.25,75.2,73,0,6.93,clear sky
159,Mahebourg,MU,2020-09-27 00:32:55,-20.41,57.7,68.0,88,75,3.36,broken clouds
160,Lompoc,US,2020-09-27 00:37:24,34.64,-120.46,68.0,72,1,13.87,clear sky
161,Vanavara,RU,2020-09-27 00:37:24,60.34,102.28,38.97,78,0,4.65,clear sky
162,Gazanjyk,TM,2020-09-27 00:37:24,39.24,55.52,58.32,32,96,15.32,overcast clouds
163,Albina,SR,2020-09-27 00:37:24,5.5,-54.05,74.16,95,12,1.7,few clouds
164,Adrar,MR,2020-09-27 00:37:25,20.5,-10.07,94.51,10,0,9.4,clear sky
165,Avarua,CK,2020-09-27 00:32:57,-21.21,-159.78,73.4,78,67,6.93,broken clouds
166,Shamkhal,RU,2020-09-27 00:37:25,43.06,47.34,66.2,88,20,6.71,few clouds
167,Tuxtla,MX,2020-09-27 00:37:25,16.75,-93.12,78.8,83,75,5.82,broken clouds
168,Slave Lake,CA,2020-09-27 00:37:25,55.28,-114.77,59.0,47,90,23.04,overcast clouds
169,Nikolskoye,RU,2020-09-27 00:37:25,59.7,30.79,54.0,87,5,8.95,clear sky
170,Lazaro Cardenas,MX,2020-09-27 00:33:38,17.96,-102.2,80.35,81,0,3.87,clear sky
171,Linxia,CN,2020-09-27 00:37:26,35.6,103.21,56.97,72,17,2.95,few clouds
172,Tateyama,JP,2020-09-27 00:37:26,34.98,139.87,70.0,83,75,11.41,broken clouds
173,Aripuana,BR,2020-09-27 00:37:26,-9.17,-60.63,76.21,73,6,1.68,clear sky
174,Waddan,LY,2020-09-27 00:37:26,29.16,16.14,71.31,87,1,9.98,clear sky
175,Swellendam,ZA,2020-09-27 00:37:27,-34.02,20.44,46.4,87,0,9.17,clear sky
176,Mayo,US,2020-09-27 00:37:27,38.89,-76.51,70.0,100,90,3.36,overcast clouds
177,Piacabucu,BR,2020-09-27 00:37:27,-10.41,-36.43,74.39,85,0,8.66,clear sky
178,Qaqortoq,GL,2020-09-27 00:37:27,60.72,-46.03,33.8,64,0,1.66,clear sky
179,Bluefield,US,2020-09-27 00:36:04,37.27,-81.22,63.0,93,90,3.36,overcast clouds
180,Reitz,ZA,2020-09-27 00:37:27,-27.8,28.43,39.74,51,0,4.97,clear sky
181,Nemuro,JP,2020-09-27 00:37:28,43.32,145.57,57.2,93,75,16.11,mist
182,Ginir,ET,2020-09-27 00:37:28,7.13,40.7,58.44,91,23,5.93,few clouds
183,Northam,GB,2020-09-27 00:37:28,51.03,-4.22,53.01,77,0,8.99,clear sky
184,Lavrentiya,RU,2020-09-27 00:37:28,65.58,-171.0,37.44,77,76,16.84,broken clouds
185,Gigmoto,PH,2020-09-27 00:37:28,13.78,124.39,86.5,69,100,4.07,overcast clouds
186,Bulungu,CD,2020-09-27 00:37:28,-4.55,18.6,73.31,80,81,1.39,broken clouds
187,Ulaangom,MN,2020-09-27 00:37:29,49.98,92.07,42.84,58,47,4.74,scattered clouds
188,Ilulissat,GL,2020-09-27 00:36:08,69.22,-51.1,32.0,98,75,6.93,broken clouds
189,Cam Ranh,VN,2020-09-27 00:37:29,11.92,109.16,80.6,88,75,3.36,broken clouds
190,Kirakira,SB,2020-09-27 00:37:29,-10.45,161.92,84.94,72,73,13.51,broken clouds
191,Kankon,IN,2020-09-27 00:37:29,15.02,74.02,77.0,100,75,2.24,drizzle
192,Sarkand,KZ,2020-09-27 00:37:29,45.41,79.92,38.41,65,0,1.28,clear sky
193,Nelson Bay,AU,2020-09-27 00:37:30,-32.72,152.15,63.0,41,0,13.87,clear sky
194,Acapulco,MX,2020-09-27 00:37:30,16.86,-99.89,84.2,74,75,4.7,broken clouds
195,Mount Isa,AU,2020-09-27 00:33:41,-20.73,139.5,78.8,14,0,12.75,clear sky
196,Hare Bay,CA,2020-09-27 00:37:30,48.85,-54.01,51.8,53,75,8.05,broken clouds
197,Ust-Maya,RU,2020-09-27 00:37:30,60.42,134.53,54.64,57,100,13.02,overcast clouds
198,Sol-Iletsk,RU,2020-09-27 00:37:31,51.16,54.99,46.33,56,0,4.27,clear sky
199,Neryungri,RU,2020-09-27 00:37:31,56.67,124.65,48.33,65,100,15.5,overcast clouds
200,Khowai,IN,2020-09-27 00:37:31,24.1,91.63,77.0,100,40,2.24,mist
201,Mirnyy,RU,2020-09-27 00:37:31,62.54,113.96,33.8,100,1,11.18,haze
202,Puerto Carreno,CO,2020-09-27 00:33:20,6.19,-67.49,78.69,82,42,4.76,scattered clouds
203,Sierra Vista,US,2020-09-27 00:37:31,31.55,-110.3,89.6,13,1,11.41,clear sky
204,San Quintin,MX,2020-09-27 00:37:32,30.48,-115.95,70.0,75,2,7.18,clear sky
205,Qingdao,CN,2020-09-27 00:37:32,36.1,120.37,72.0,77,0,2.24,clear sky
206,Launceston,AU,2020-09-27 00:37:32,-41.45,147.17,55.99,46,90,4.7,overcast clouds
207,Torbay,CA,2020-09-27 00:35:20,47.67,-52.73,53.01,71,20,16.11,few clouds
208,Kondopoga,RU,2020-09-27 00:37:32,62.21,34.26,44.6,93,0,2.24,clear sky
209,Churapcha,RU,2020-09-27 00:37:32,62.0,132.43,54.28,63,100,17.02,overcast clouds
210,Jamestown,US,2020-09-27 00:33:12,42.1,-79.24,66.99,77,1,5.82,clear sky
211,Asyut,EG,2020-09-27 00:37:33,27.18,31.18,75.2,50,3,9.17,clear sky
212,Gizo,SB,2020-09-27 00:37:33,-8.1,156.84,84.74,69,0,5.77,clear sky
213,Sabha,LY,2020-09-27 00:37:33,27.04,14.43,80.8,20,0,5.93,clear sky
214,Tigil,RU,2020-09-27 00:37:33,57.8,158.67,51.28,51,0,8.46,clear sky
215,Alyangula,AU,2020-09-27 00:37:34,-13.85,136.42,87.8,45,45,8.05,scattered clouds
216,Mana,GF,2020-09-27 00:37:34,5.66,-53.78,79.14,83,32,8.97,scattered clouds
217,Kijang,KR,2020-09-27 00:37:34,35.24,129.21,69.8,60,40,17.22,scattered clouds
218,San Policarpo,PH,2020-09-27 00:37:34,12.18,125.51,84.0,77,71,6.46,broken clouds
219,Ponta Do Sol,PT,2020-09-27 00:37:34,32.67,-17.1,71.6,60,40,10.29,scattered clouds
220,Mongoumba,CF,2020-09-27 00:37:34,3.64,18.59,69.01,97,100,1.83,light rain
221,Amapa,BR,2020-09-27 00:37:35,1.0,-52.0,77.07,75,100,5.06,overcast clouds
222,Alice Springs,AU,2020-09-27 00:33:11,-23.7,133.88,75.0,20,49,12.75,scattered clouds
223,Port Hedland,AU,2020-09-27 00:37:35,-20.32,118.57,80.6,36,0,10.29,clear sky
224,Lagoa,PT,2020-09-27 00:33:35,39.05,-27.98,69.4,85,0,15.01,clear sky
225,Chitapur,IN,2020-09-27 00:37:35,17.12,77.08,72.07,93,100,7.14,overcast clouds
226,Victoria,HK,2020-09-27 00:37:20,22.29,114.16,82.0,85,100,21.0,overcast clouds
227,Tiarei,PF,2020-09-27 00:33:07,-17.53,-149.33,86.0,62,20,6.93,few clouds
228,Bilma,NE,2020-09-27 00:37:36,18.69,12.92,83.61,15,49,0.31,scattered clouds
229,Gogrial,SS,2020-09-27 00:37:36,8.53,28.1,72.81,89,98,2.73,light rain
230,Harper,LR,2020-09-27 00:37:36,4.38,-7.72,75.96,89,70,7.85,light rain
231,Nanortalik,GL,2020-09-27 00:37:36,60.14,-45.24,37.94,83,0,12.84,clear sky
232,Katsuura,JP,2020-09-27 00:36:07,35.13,140.3,69.01,84,100,11.77,light rain
233,Imbituba,BR,2020-09-27 00:37:37,-28.24,-48.67,69.8,88,40,5.82,scattered clouds
234,Krasnaya Gora,RU,2020-09-27 00:37:37,53.0,31.6,64.4,55,0,13.42,clear sky
235,Kantang,TH,2020-09-27 00:33:00,7.41,99.52,77.0,94,20,5.73,few clouds
236,Borisoglebsk,RU,2020-09-27 00:37:37,51.37,42.08,50.49,48,0,11.65,clear sky
237,Port Elizabeth,ZA,2020-09-27 00:33:30,-33.92,25.57,50.0,76,40,6.93,scattered clouds
238,Rosetta,EG,2020-09-27 00:37:37,31.4,30.42,77.0,73,0,4.7,clear sky
239,Boa Vista,BR,2020-09-27 00:35:14,2.82,-60.67,87.8,52,20,3.36,few clouds
240,Marzuq,YE,2020-09-27 00:37:38,14.4,46.47,76.59,52,0,1.68,clear sky
241,Ahipara,NZ,2020-09-27 00:34:25,-35.17,173.17,62.89,65,0,15.21,clear sky
242,Rapid Valley,US,2020-09-27 00:37:38,44.06,-103.15,64.4,31,20,11.41,few clouds
243,Sao Joao Da Barra,BR,2020-09-27 00:33:30,-21.64,-41.05,73.94,86,0,19.62,clear sky
244,Singaraja,ID,2020-09-27 00:37:38,-8.11,115.09,84.76,53,69,2.33,broken clouds
245,Axim,GH,2020-09-27 00:37:39,4.87,-2.24,74.68,92,83,8.05,broken clouds
246,Tromso,NO,2020-09-27 00:37:39,69.65,18.96,37.4,86,40,11.41,scattered clouds
247,Sile,TR,2020-09-27 00:37:39,41.18,29.61,75.99,57,41,7.0,scattered clouds
248,Gushikawa,JP,2020-09-27 00:37:39,26.35,127.87,71.6,88,90,3.36,light intensity drizzle
249,Trogir,HR,2020-09-27 00:37:40,43.51,16.25,53.6,71,100,8.05,overcast clouds
250,Fortuna,US,2020-09-27 00:33:10,40.6,-124.16,70.0,77,40,12.75,scattered clouds
251,Adeje,ES,2020-09-27 00:37:40,28.12,-16.73,75.0,78,20,12.75,few clouds
252,Bidar,IN,2020-09-27 00:37:40,17.9,77.55,71.22,93,100,4.81,overcast clouds
253,Lagos,NG,2020-09-27 00:34:28,6.58,3.75,75.25,90,100,7.4,moderate rain
254,Murray Bridge,AU,2020-09-27 00:37:40,-35.12,139.27,53.01,75,5,2.08,clear sky
255,Lebu,CL,2020-09-27 00:37:41,-37.62,-73.65,49.1,89,31,8.81,scattered clouds
256,Kawalu,ID,2020-09-27 00:37:41,-7.38,108.21,77.05,77,100,2.71,overcast clouds
257,Slobodskoy,RU,2020-09-27 00:37:41,58.73,50.18,44.55,94,0,3.38,clear sky
258,Pervomayskiy,RU,2020-09-27 00:37:41,53.25,40.29,52.41,45,10,12.77,clear sky
259,North Bend,US,2020-09-27 00:37:42,43.41,-124.22,68.0,88,20,10.29,few clouds
260,Elizabeth City,US,2020-09-27 00:37:42,36.29,-76.25,73.4,100,20,5.82,few clouds
261,Taksimo,RU,2020-09-27 00:37:42,56.34,114.88,42.6,80,100,5.66,light rain
262,Chapleau,CA,2020-09-27 00:37:42,47.84,-83.4,62.6,93,90,6.93,light rain
263,Melito Di Porto Salvo,IT,2020-09-27 00:37:42,37.92,15.77,69.01,82,75,2.24,broken clouds
264,Half Moon Bay,US,2020-09-27 00:33:40,37.46,-122.43,80.6,72,1,16.11,haze
265,North Platte,US,2020-09-27 00:37:43,41.12,-100.77,75.2,27,20,18.34,few clouds
266,Alghero,IT,2020-09-27 00:33:27,40.56,8.32,60.8,93,20,3.36,few clouds
267,Broome,US,2020-09-27 00:37:43,42.25,-75.83,64.99,100,90,5.82,overcast clouds
268,Airai,TL,2020-09-27 00:34:02,-8.93,125.41,75.43,42,93,5.21,overcast clouds
269,Ushumun,RU,2020-09-27 00:37:43,52.78,126.53,55.51,95,100,10.49,heavy intensity rain
270,Abnub,EG,2020-09-27 00:37:43,27.27,31.15,75.2,50,5,9.17,clear sky
271,Lodwar,KE,2020-09-27 00:37:44,3.12,35.6,81.46,47,2,12.5,clear sky
272,Aksu,CN,2020-09-27 00:37:44,41.12,80.26,60.44,33,100,13.94,overcast clouds
273,Verkhnevilyuysk,RU,2020-09-27 00:37:44,63.45,120.32,45.12,75,8,7.09,clear sky
274,Simbahan,PH,2020-09-27 00:37:44,6.3,120.58,83.97,74,89,8.03,overcast clouds
275,Abu Samrah,SY,2020-09-27 00:37:44,35.3,37.18,64.54,84,0,5.93,clear sky
276,Okhotsk,RU,2020-09-27 00:37:45,59.38,143.3,51.71,80,100,11.63,overcast clouds
277,Naze,JP,2020-09-27 00:37:45,28.37,129.48,80.6,69,75,14.99,broken clouds
278,Ocala,US,2020-09-27 00:35:36,29.19,-82.14,84.2,70,1,2.08,clear sky
279,Sigli,ID,2020-09-27 00:37:45,5.38,95.96,79.97,70,93,3.98,overcast clouds
280,Kirksville,US,2020-09-27 00:37:45,40.19,-92.58,79.0,54,1,10.29,clear sky
281,Zeya,RU,2020-09-27 00:33:04,53.75,127.27,55.54,91,100,15.77,heavy intensity rain
282,Anzio,IT,2020-09-27 00:37:46,41.49,12.62,55.99,87,40,4.7,scattered clouds
283,Talnakh,RU,2020-09-27 00:33:27,69.49,88.4,42.8,93,75,24.61,light rain
284,Shahr-E Babak,IR,2020-09-27 00:37:46,30.12,55.12,57.33,30,0,7.05,clear sky
285,Ambon,ID,2020-09-27 00:37:46,-3.7,128.18,84.2,74,40,3.36,scattered clouds
286,Lieksa,FI,2020-09-27 00:37:46,63.32,30.02,52.59,87,51,4.09,broken clouds
287,Staryy Nadym,RU,2020-09-27 00:37:46,65.61,72.68,47.7,92,90,8.37,overcast clouds
288,Kulhudhuffushi,MV,2020-09-27 00:37:47,6.62,73.07,81.32,80,58,9.89,broken clouds
289,Iqaluit,CA,2020-09-27 00:37:47,63.75,-68.51,28.4,79,90,9.17,overcast clouds
290,Rawson,AR,2020-09-27 00:37:47,-43.3,-65.1,51.01,62,0,4.43,clear sky
291,Pacora,PA,2020-09-27 00:37:47,9.08,-79.28,78.8,94,75,3.36,broken clouds
292,Burgeo,CA,2020-09-27 00:37:47,47.62,-57.62,52.93,82,100,7.27,overcast clouds
293,Graaff-Reinet,ZA,2020-09-27 00:37:48,-32.25,24.53,37.99,65,44,2.77,scattered clouds
294,Hambantota,LK,2020-09-27 00:37:48,6.12,81.12,75.2,100,20,4.7,few clouds
295,Impfondo,CG,2020-09-27 00:37:48,1.64,18.07,71.24,91,100,1.68,overcast clouds
296,Foz,ES,2020-09-27 00:37:48,43.57,-7.25,62.01,1,93,7.45,overcast clouds
297,Gat,IL,2020-09-27 00:37:48,31.61,34.76,75.99,74,0,6.73,clear sky
298,Aranjuez,ES,2020-09-27 00:37:49,40.03,-3.6,62.01,67,2,13.87,clear sky
299,Aconibe,GQ,2020-09-27 00:37:49,1.3,10.94,67.05,97,100,3.15,overcast clouds
300,Borovoy,RU,2020-09-27 00:37:49,55.43,86.08,33.8,92,74,6.71,broken clouds
301,Poum,NC,2020-09-27 00:34:37,-20.23,164.02,75.25,85,7,6.38,clear sky
302,Isoka,ZM,2020-09-27 00:37:49,-10.16,32.63,62.55,53,0,2.55,clear sky
303,Ust-Kuyga,RU,2020-09-27 00:37:49,70.02,135.6,44.91,56,95,5.84,overcast clouds
304,Gamba,GA,2020-09-27 00:37:50,-2.65,10.0,74.28,81,74,8.59,broken clouds
305,Hanting,CN,2020-09-27 00:37:50,36.77,119.21,71.33,62,0,3.51,clear sky
306,Udachnyy,RU,2020-09-27 00:37:50,66.42,112.4,30.2,100,90,8.95,fog
307,La Ronge,CA,2020-09-27 00:37:50,55.1,-105.28,55.4,62,40,13.87,scattered clouds
308,Najran,SA,2020-09-27 00:37:50,17.49,44.13,69.8,30,0,4.7,clear sky
309,Bathsheba,BB,2020-09-27 00:37:51,13.22,-59.52,82.4,78,20,10.29,few clouds
310,Nome,US,2020-09-27 00:34:25,64.5,-165.41,42.01,44,20,3.36,few clouds
311,Beringovskiy,RU,2020-09-27 00:37:51,63.05,179.32,37.38,74,23,16.67,few clouds
312,Media Luna,CU,2020-09-27 00:37:51,20.14,-77.44,82.15,77,34,8.08,light rain
313,Atar,MR,2020-09-27 00:34:45,20.52,-13.05,94.08,20,0,13.27,clear sky
314,Baglung,NP,2020-09-27 00:37:51,28.27,83.59,63.55,64,0,5.26,clear sky
315,Dasoguz,TM,2020-09-27 00:37:52,41.84,59.97,46.4,49,89,11.41,overcast clouds
316,Geraldton,AU,2020-09-27 00:37:52,-28.77,114.6,62.6,82,90,6.93,overcast clouds
317,Aklavik,CA,2020-09-27 00:37:52,68.22,-135.01,33.8,75,90,10.29,light snow
318,Belogorsk,RU,2020-09-27 00:37:52,50.92,128.46,58.23,80,100,19.86,overcast clouds
319,Orlandia,BR,2020-09-27 00:37:52,-20.72,-47.89,80.6,32,0,5.39,clear sky
320,Los Llanos De Aridane,ES,2020-09-27 00:37:53,28.66,-17.92,75.2,73,20,14.99,few clouds
321,Manado,ID,2020-09-27 00:37:53,1.49,124.85,82.4,74,20,1.12,few clouds
322,Katangli,RU,2020-09-27 00:37:53,51.71,143.23,53.2,76,100,15.41,overcast clouds
323,Saint-Pierre,RE,2020-09-27 00:37:53,-21.34,55.48,68.0,60,0,8.05,clear sky
324,Linfen,CN,2020-09-27 00:37:53,36.09,111.52,68.97,58,14,4.18,few clouds
325,Uthal,PK,2020-09-27 00:35:01,25.81,66.62,80.02,75,1,4.56,clear sky
326,Kinablangan,PH,2020-09-27 00:37:54,7.69,126.55,84.47,64,76,2.8,broken clouds
327,Margate,GB,2020-09-27 00:37:54,51.38,1.39,52.0,88,100,8.01,overcast clouds
328,Boqueirao,BR,2020-09-27 00:37:54,-7.5,-36.13,69.8,88,100,10.29,overcast clouds
329,Maceio,BR,2020-09-27 00:37:54,-9.67,-35.74,75.2,83,75,3.36,broken clouds
330,Nyimba,ZM,2020-09-27 00:37:54,-14.56,30.81,69.96,29,0,3.04,clear sky
331,Tiznit,MA,2020-09-27 00:37:55,29.58,-9.5,65.98,71,36,6.04,scattered clouds
332,Talaya,RU,2020-09-27 00:37:55,61.38,152.75,50.77,44,0,6.24,clear sky
333,Kavaratti,IN,2020-09-27 00:37:55,10.57,72.64,81.37,80,100,8.37,overcast clouds
334,Lokosovo,RU,2020-09-27 00:37:55,61.13,74.82,40.51,98,46,5.48,scattered clouds
335,Shimoda,JP,2020-09-27 00:37:55,34.67,138.95,69.8,83,75,11.41,light rain
336,Ovalle,CL,2020-09-27 00:37:56,-30.6,-71.2,51.44,63,0,1.59,clear sky
337,Muisne,EC,2020-09-27 00:37:56,0.6,-80.03,80.6,83,75,5.82,broken clouds
338,Raudeberg,NO,2020-09-27 00:34:48,61.99,5.14,48.99,81,0,11.27,clear sky
339,Teeli,RU,2020-09-27 00:37:56,51.03,90.23,35.8,75,0,1.19,clear sky
340,Comodoro Rivadavia,AR,2020-09-27 00:33:03,-45.87,-67.5,62.6,29,0,9.17,clear sky
341,Oranjemund,NA,2020-09-27 00:37:56,-28.55,16.43,52.63,71,0,7.67,clear sky
342,Turbat,PK,2020-09-27 00:37:56,26.0,63.04,75.11,32,0,2.01,clear sky
343,Coahuayana,MX,2020-09-27 00:33:27,18.73,-103.68,77.0,83,75,2.06,broken clouds
344,Kourou,GF,2020-09-27 00:37:57,5.16,-52.65,80.6,83,0,2.24,clear sky
345,Portland,US,2020-09-27 00:33:23,45.52,-122.68,70.0,52,40,9.17,scattered clouds
346,Dingle,PH,2020-09-27 00:37:57,11.0,122.67,84.22,75,0,1.23,clear sky
347,Brandon,US,2020-09-27 00:37:57,27.94,-82.29,86.0,69,75,5.1,broken clouds
348,Keelung,TW,2020-09-27 00:37:57,25.13,121.74,70.0,100,90,9.17,moderate rain
349,Sistranda,NO,2020-09-27 00:37:58,63.73,8.83,46.4,75,75,4.7,broken clouds
350,Kindu,CD,2020-09-27 00:37:58,-2.95,25.95,70.83,88,98,0.96,overcast clouds
351,Seymchan,RU,2020-09-27 00:37:58,62.88,152.43,50.23,46,0,8.46,clear sky
352,Blue Springs,US,2020-09-27 00:33:47,39.02,-94.28,82.4,48,1,12.75,clear sky
353,San Juan De Abajo,MX,2020-09-27 00:37:58,20.82,-105.18,86.0,74,90,5.82,overcast clouds
354,Korla,CN,2020-09-27 00:37:58,41.76,86.15,56.62,36,80,18.81,broken clouds
355,Burnie,AU,2020-09-27 00:37:59,-41.07,145.92,50.0,53,4,18.01,clear sky
356,Namatanai,PG,2020-09-27 00:33:39,-3.67,152.43,86.04,68,4,6.89,light rain
357,Carlsbad,US,2020-09-27 00:37:59,33.16,-117.35,75.99,73,1,9.17,clear sky
358,Yar-Sale,RU,2020-09-27 00:37:59,66.83,70.83,43.56,93,77,5.5,broken clouds
359,Pascagoula,US,2020-09-27 00:37:03,30.37,-88.56,80.6,83,75,5.82,broken clouds
360,Ayagoz,KZ,2020-09-27 00:37:59,47.97,80.44,37.78,87,33,12.08,scattered clouds
361,Turukhansk,RU,2020-09-27 00:38:00,65.82,87.98,41.61,88,100,11.48,overcast clouds
362,Kumano,JP,2020-09-27 00:38:00,34.34,132.59,75.2,64,40,11.41,scattered clouds
363,Worthington,US,2020-09-27 00:38:00,40.09,-83.02,73.99,64,1,8.05,clear sky
364,Tautira,PF,2020-09-27 00:38:00,-17.73,-149.15,86.0,62,20,6.93,few clouds
365,Camopi,GF,2020-09-27 00:38:00,3.17,-52.32,75.16,90,56,4.12,broken clouds
366,Santa Isabel Do Rio Negro,BR,2020-09-27 00:38:01,-0.41,-65.02,74.14,95,76,2.1,broken clouds
367,Akyab,MM,2020-09-27 00:38:01,20.15,92.9,80.56,86,100,8.03,overcast clouds
368,Durban,ZA,2020-09-27 00:38:01,-29.86,31.03,57.99,93,90,4.7,overcast clouds
369,Qeshm,IR,2020-09-27 00:38:01,26.96,56.27,82.4,69,0,4.7,clear sky
370,Byron Bay,AU,2020-09-27 00:36:45,-28.65,153.62,69.01,36,0,10.29,clear sky
371,Dogondoutchi,NE,2020-09-27 00:38:02,13.64,4.03,82.89,61,82,9.48,broken clouds
372,Asopos,GR,2020-09-27 00:38:02,36.73,22.87,68.52,61,0,7.34,clear sky
373,Kavieng,PG,2020-09-27 00:38:02,-2.57,150.8,83.79,79,64,11.32,light rain
374,Totness,SR,2020-09-27 00:38:02,5.88,-56.32,79.72,83,26,7.85,scattered clouds
375,Svetlyy,RU,2020-09-27 00:38:02,54.67,20.13,64.4,77,100,13.42,overcast clouds
376,Saskylakh,RU,2020-09-27 00:38:02,71.92,114.08,36.19,80,100,13.8,overcast clouds
377,Guerrero Negro,MX,2020-09-27 00:38:03,27.98,-114.06,71.67,74,0,15.26,clear sky
378,Vikhorevka,RU,2020-09-27 00:38:03,56.12,101.16,42.8,81,75,8.95,broken clouds
379,Madimba,TZ,2020-09-27 00:38:03,-10.4,40.33,73.45,87,23,7.76,few clouds
380,Buraydah,SA,2020-09-27 00:38:03,26.33,43.98,78.8,29,0,5.82,clear sky
381,Kushmurun,KZ,2020-09-27 00:38:03,52.45,64.63,41.81,71,0,2.28,clear sky
382,Kununurra,AU,2020-09-27 00:38:04,-15.77,128.73,87.8,55,75,10.29,broken clouds
383,Matagami,CA,2020-09-27 00:38:04,49.75,-77.63,59.0,87,1,4.7,clear sky
384,Artyom,AZ,2020-09-27 00:38:04,40.47,50.33,69.8,60,36,6.93,scattered clouds
385,Lata,PT,2020-09-27 00:38:05,40.16,-8.33,64.99,94,100,5.59,overcast clouds
386,Buchanan,LR,2020-09-27 00:38:05,5.88,-10.05,75.2,100,75,2.39,broken clouds
387,Kropotkin,RU,2020-09-27 00:38:06,45.44,40.58,62.13,68,42,14.14,scattered clouds
388,Kastamonu,TR,2020-09-27 00:38:06,41.5,33.67,58.64,55,0,2.73,clear sky
389,Bonfim,BR,2020-09-27 00:38:06,3.08,-59.95,83.25,60,54,2.82,broken clouds
390,San Felipe,VE,2020-09-27 00:38:06,10.34,-68.74,73.67,92,100,2.06,overcast clouds
391,Hofn,IS,2020-09-27 00:38:07,64.25,-15.21,48.79,96,100,8.97,overcast clouds
392,Faya,SA,2020-09-27 00:33:33,18.39,42.45,66.2,27,0,4.7,clear sky
393,Rio Gallegos,AR,2020-09-27 00:38:07,-51.62,-69.22,46.4,49,75,9.17,broken clouds
394,Zakamensk,RU,2020-09-27 00:38:07,50.37,103.29,40.95,66,37,1.05,scattered clouds
395,Kruisfontein,ZA,2020-09-27 00:38:07,-34.0,24.73,48.99,75,0,1.99,clear sky
396,Teguise,ES,2020-09-27 00:38:08,29.06,-13.56,73.4,73,40,23.04,scattered clouds
397,Qasigiannguit,GL,2020-09-27 00:38:08,68.82,-51.19,32.0,97,75,6.93,broken clouds
398,Strezhevoy,RU,2020-09-27 00:38:08,60.73,77.59,41.0,93,40,4.47,scattered clouds
399,Padang,ID,2020-09-27 00:38:08,-0.95,100.35,75.09,80,100,4.94,overcast clouds
400,Brae,GB,2020-09-27 00:38:08,60.4,-1.35,44.6,81,0,13.87,clear sky
401,Acari,PE,2020-09-27 00:38:09,-15.43,-74.62,62.28,68,49,3.18,scattered clouds
402,El Carmen,CO,2020-09-27 00:38:09,8.51,-73.45,69.85,90,97,3.89,overcast clouds
403,Natchitoches,US,2020-09-27 00:34:12,31.77,-93.13,77.0,83,1,4.16,clear sky
404,Jalu,LY,2020-09-27 00:38:09,29.03,21.55,75.74,70,0,6.91,clear sky
405,Sunggal,ID,2020-09-27 00:38:09,3.58,98.62,77.4,79,77,3.24,broken clouds
406,Kutum,SD,2020-09-27 00:38:09,14.2,24.67,77.52,46,88,3.94,overcast clouds
407,Veraval,IN,2020-09-27 00:38:10,20.9,70.37,79.52,78,75,8.28,broken clouds
408,Caravelas,BR,2020-09-27 00:38:10,-17.71,-39.25,70.2,89,1,4.7,clear sky
409,Ciudad Bolivar,VE,2020-09-27 00:38:10,8.12,-63.55,79.61,80,90,6.64,overcast clouds
410,Baherden,TM,2020-09-27 00:38:10,38.44,57.43,56.82,34,6,4.09,clear sky
411,Ulvila,FI,2020-09-27 00:38:10,61.43,21.87,57.2,87,22,3.36,few clouds
412,Yamada,JP,2020-09-27 00:33:35,39.47,141.95,61.93,82,100,2.35,overcast clouds
413,Balkanabat,TM,2020-09-27 00:34:02,39.51,54.37,64.89,25,98,12.71,overcast clouds
414,Kristinehamn,SE,2020-09-27 00:38:11,59.31,14.11,55.4,93,100,16.11,overcast clouds
415,Severo-Kurilsk,RU,2020-09-27 00:33:39,50.68,156.12,51.93,63,97,6.29,overcast clouds
416,Isla Vista,US,2020-09-27 00:38:11,34.41,-119.86,79.0,39,1,11.41,clear sky
417,Pedernales,DO,2020-09-27 00:38:11,18.04,-71.74,81.97,72,80,6.49,broken clouds
418,Treinta Y Tres,UY,2020-09-27 00:38:12,-33.23,-54.38,61.07,93,100,13.67,moderate rain
419,Hervey Bay,AU,2020-09-27 00:38:12,-25.3,152.85,73.0,31,0,5.99,clear sky
420,Autun,FR,2020-09-27 00:38:12,46.95,4.3,50.0,81,100,4.7,overcast clouds
421,Rudbar,AF,2020-09-27 00:38:12,30.15,62.6,63.82,29,0,8.9,clear sky
422,Chapais,CA,2020-09-27 00:38:12,49.78,-74.85,59.0,93,90,6.93,overcast clouds
423,Maningrida,AU,2020-09-27 00:38:13,-12.07,134.27,87.28,48,100,10.98,overcast clouds
424,Saint-Augustin,CA,2020-09-27 00:38:13,51.23,-58.65,48.11,64,100,7.29,overcast clouds
425,Huarmey,PE,2020-09-27 00:38:13,-10.07,-78.15,61.48,84,25,9.6,scattered clouds
426,Norfolk,US,2020-09-27 00:34:38,42.17,-71.25,69.8,73,1,4.7,clear sky
427,Pokhara,NP,2020-09-27 00:38:13,28.23,83.98,67.03,50,0,5.12,clear sky
428,Nzega,RW,2020-09-27 00:38:14,-2.48,29.56,57.96,80,69,3.29,broken clouds
429,Algete,ES,2020-09-27 00:38:14,40.6,-3.5,62.6,67,20,17.22,few clouds
430,Numan,NG,2020-09-27 00:38:14,9.47,12.03,73.18,92,100,6.08,overcast clouds
431,Takoradi,GH,2020-09-27 00:38:15,4.88,-1.76,74.41,93,67,7.78,broken clouds
432,Trincomalee,LK,2020-09-27 00:38:15,8.57,81.23,80.33,75,89,15.08,overcast clouds
433,Garowe,SO,2020-09-27 00:38:15,8.41,48.48,74.88,71,54,14.54,broken clouds
434,Mareeba,AU,2020-09-27 00:38:15,-17.0,145.43,87.01,36,89,7.0,overcast clouds
435,Santa Ana,US,2020-09-27 00:37:12,33.75,-117.87,80.01,64,1,8.05,clear sky
436,Oga,IT,2020-09-27 00:38:15,46.46,10.35,37.99,100,40,1.12,scattered clouds
437,Codrington,AU,2020-09-27 00:33:37,-38.27,141.97,50.95,61,72,5.55,broken clouds
438,Letlhakeng,BW,2020-09-27 00:38:16,-24.09,25.03,54.16,33,0,8.46,clear sky
439,Ratnagiri,IN,2020-09-27 00:38:16,16.98,73.3,76.23,88,92,6.04,overcast clouds
440,Vila Franca Do Campo,PT,2020-09-27 00:38:16,37.72,-25.43,69.8,83,75,11.41,broken clouds
441,Mogadishu,SO,2020-09-27 00:35:55,2.04,45.34,75.94,86,32,9.46,scattered clouds
442,Rendsburg,DE,2020-09-27 00:38:17,54.3,9.67,62.6,88,75,19.46,broken clouds
443,East Foothills,US,2020-09-27 00:38:17,37.38,-121.82,82.99,42,75,11.41,broken clouds
444,Luangwa,ZM,2020-09-27 00:38:17,-15.62,30.42,71.76,28,0,2.15,clear sky
445,Jumla,NP,2020-09-27 00:38:17,29.27,82.18,51.03,54,0,4.0,clear sky
446,Torit,SS,2020-09-27 00:38:17,4.41,32.57,68.94,85,48,1.45,scattered clouds
447,Sosnovo-Ozerskoye,RU,2020-09-27 00:38:17,52.52,111.54,39.9,86,100,20.65,overcast clouds
448,Nizwa,OM,2020-09-27 00:36:07,22.93,57.53,76.39,45,0,0.54,clear sky
449,Aranda De Duero,ES,2020-09-27 00:38:18,41.67,-3.69,56.79,67,100,17.18,overcast clouds
450,Carlisle,US,2020-09-27 00:37:41,40.2,-77.19,66.0,87,100,2.51,overcast clouds
451,Tottori,JP,2020-09-27 00:38:18,35.5,134.23,71.6,68,75,18.34,shower rain
452,Kahului,US,2020-09-27 00:34:58,20.89,-156.47,87.8,48,40,16.11,scattered clouds
453,Salekhard,RU,2020-09-27 00:38:18,66.53,66.6,46.74,87,0,9.08,clear sky
454,Labuhan,ID,2020-09-27 00:38:19,-6.88,112.21,82.56,68,100,8.57,overcast clouds
455,Tinambacan,PH,2020-09-27 00:38:19,12.09,124.5,84.85,70,38,6.13,scattered clouds
456,Narodychi,UA,2020-09-27 00:38:19,51.2,29.08,66.27,51,21,16.69,few clouds
457,Mwanza,TZ,2020-09-27 00:38:19,-2.52,32.9,74.61,67,99,8.21,overcast clouds
458,Victor Harbor,AU,2020-09-27 00:38:19,-35.57,138.62,57.99,70,70,1.19,broken clouds
459,Esna,EG,2020-09-27 00:38:19,25.29,32.55,82.4,45,0,7.11,clear sky
460,Pietarsaari,FI,2020-09-27 00:38:20,63.65,22.68,51.01,100,90,6.93,fog
461,Coquimbo,CL,2020-09-27 00:38:20,-29.95,-71.34,53.6,81,0,10.29,clear sky
462,Houma,US,2020-09-27 00:38:20,29.6,-90.72,78.01,88,1,4.7,clear sky
463,Belaya Gora,RU,2020-09-27 00:38:20,68.53,146.42,48.52,48,0,11.32,clear sky
464,Thinadhoo,MV,2020-09-27 00:38:20,0.53,72.93,83.05,68,100,6.78,overcast clouds
465,Bakchar,RU,2020-09-27 00:38:21,57.02,82.07,34.05,96,0,3.38,clear sky
466,Tempio Pausania,IT,2020-09-27 00:38:21,40.9,9.1,62.6,63,20,6.93,moderate rain
467,Skjervoy,NO,2020-09-27 00:38:21,70.03,20.97,43.56,63,28,7.02,scattered clouds
468,Bud,US,2020-09-27 00:38:21,39.45,-86.18,68.0,77,1,9.17,clear sky
469,Broken Hill,AU,2020-09-27 00:38:21,-31.95,141.43,53.6,58,0,8.05,clear sky
470,Winnemucca,US,2020-09-27 00:34:33,40.97,-117.74,75.2,23,1,5.82,clear sky
471,Bubaque,GW,2020-09-27 00:38:22,11.28,-15.83,81.27,81,100,7.94,overcast clouds
472,Tadine,NC,2020-09-27 00:38:22,-21.55,167.88,78.58,75,22,7.81,few clouds
473,Tafresh,IR,2020-09-27 00:38:22,34.69,50.01,54.41,41,0,2.75,clear sky
474,Maiduguri,NG,2020-09-27 00:38:22,11.85,13.16,78.78,68,71,8.72,broken clouds
475,Pacific Grove,US,2020-09-27 00:34:35,36.62,-121.92,73.0,60,1,6.93,clear sky
476,Hasaki,JP,2020-09-27 00:38:23,35.73,140.83,68.0,93,75,5.82,light rain
477,Vicente Guerrero,MX,2020-09-27 00:38:23,19.12,-98.17,62.6,63,75,14.99,broken clouds
478,Oriximina,BR,2020-09-27 00:38:23,-1.77,-55.87,77.7,80,99,3.69,overcast clouds
479,Pitimbu,BR,2020-09-27 00:38:23,-7.47,-34.81,73.4,88,40,6.93,scattered clouds
480,Jiexiu,CN,2020-09-27 00:38:23,37.02,111.91,65.25,61,4,0.54,clear sky
481,Meadow Lake,US,2020-09-27 00:38:23,34.8,-106.54,87.8,8,75,16.11,broken clouds
482,Gisborne,NZ,2020-09-27 00:38:24,-38.65,178.0,64.0,74,100,10.0,overcast clouds
483,Makakilo City,US,2020-09-27 00:38:24,21.35,-158.09,89.6,66,90,11.41,overcast clouds
484,Sao Joao Do Piaui,BR,2020-09-27 00:38:24,-8.36,-42.25,77.67,39,91,3.85,overcast clouds
485,Vardo,NO,2020-09-27 00:38:24,70.37,31.11,41.99,67,15,12.84,few clouds
486,Jatiroto,ID,2020-09-27 00:38:25,-7.88,111.12,78.8,78,99,6.93,overcast clouds
487,Cozumel,MX,2020-09-27 00:36:51,20.51,-86.95,82.4,88,75,3.36,broken clouds
488,Port Augusta,AU,2020-09-27 00:38:25,-32.5,137.77,57.99,50,0,10.29,clear sky
489,Grand Forks,US,2020-09-27 00:36:44,47.93,-97.03,68.0,32,75,12.75,broken clouds
490,Chicama,PE,2020-09-27 00:38:25,-7.84,-79.15,62.83,79,57,6.55,broken clouds
491,Teixoso,PT,2020-09-27 00:38:25,40.31,-7.46,59.0,89,100,1.01,overcast clouds
492,Itarema,BR,2020-09-27 00:38:25,-2.92,-39.92,77.47,81,17,16.51,few clouds
493,Bandar,ID,2020-09-27 00:38:26,2.05,99.75,75.24,87,100,0.81,overcast clouds
494,Nagornyy,RU,2020-09-27 00:38:26,52.8,83.55,33.8,86,22,8.95,few clouds
495,Mogadouro,PT,2020-09-27 00:38:26,41.34,-6.71,55.0,89,98,7.0,overcast clouds
496,Joroan,PH,2020-09-27 00:38:26,13.49,123.62,86.25,67,100,2.26,overcast clouds
497,Constitucion,CL,2020-09-27 00:38:26,-35.33,-72.42,48.94,79,0,8.66,clear sky
498,Kilosa,TZ,2020-09-27 00:38:27,-6.83,36.98,68.38,83,80,3.58,broken clouds
499,Mackay,AU,2020-09-27 00:38:27,-21.15,149.2,80.01,69,32,17.22,scattered clouds
500,Erzincan,TR,2020-09-27 00:38:27,39.75,39.5,53.6,93,0,1.12,clear sky
501,Tikapur,NP,2020-09-27 00:38:27,28.5,81.13,78.01,93,0,2.53,clear sky
502,Port Macquarie,AU,2020-09-27 00:38:27,-31.43,152.92,66.0,30,0,1.99,clear sky
503,Xuddur,SO,2020-09-27 00:38:27,4.12,43.89,70.97,77,31,11.21,scattered clouds
504,Sibolga,ID,2020-09-27 00:38:28,1.74,98.78,75.34,80,86,1.43,overcast clouds
505,Kampong Cham,KH,2020-09-27 00:37:12,11.99,105.46,79.25,83,100,2.39,overcast clouds
506,Concordia,AR,2020-09-27 00:38:28,-31.39,-58.02,70.0,75,100,7.0,overcast clouds
507,Buenos Aires,AR,2020-09-27 00:38:09,-34.61,-58.38,62.6,93,75,12.75,broken clouds
508,Komsomolskiy,UZ,2020-09-27 00:38:28,40.43,71.72,59.0,51,72,2.24,broken clouds
509,Capuluan,PH,2020-09-27 00:38:28,13.81,122.52,85.91,72,100,4.41,overcast clouds
510,Bara,NG,2020-09-27 00:38:29,10.37,10.73,71.6,93,100,8.12,light rain
511,San Juan,AR,2020-09-27 00:38:29,-31.54,-68.54,59.7,36,0,7.56,clear sky
512,Chama,CH,2020-09-27 00:38:29,47.18,8.46,48.2,61,90,12.75,overcast clouds
513,Belyy Yar,RU,2020-09-27 00:38:29,53.6,91.39,32.0,81,40,2.39,scattered clouds
514,Pizarro,CO,2020-09-27 00:38:30,4.95,-77.37,77.65,86,100,4.25,overcast clouds
515,Coari,BR,2020-09-27 00:36:39,-4.08,-63.14,74.46,93,69,2.24,broken clouds
516,Tucupita,VE,2020-09-27 00:38:30,9.06,-62.05,76.17,90,100,3.02,overcast clouds
517,Suruc,TR,2020-09-27 00:38:30,36.98,38.42,69.8,60,0,8.05,clear sky
518,Dubai,AE,2020-09-27 00:34:45,25.26,55.3,86.0,70,0,3.36,clear sky
519,Aras,ES,2020-09-27 00:38:30,42.56,-2.36,57.2,76,75,12.75,light rain
520,Otane,NZ,2020-09-27 00:38:30,-39.88,176.63,68.86,40,57,15.17,broken clouds
521,Benghazi,LY,2020-09-27 00:38:31,32.12,20.07,75.09,74,24,11.36,few clouds
522,Parabel,RU,2020-09-27 00:38:31,58.7,81.48,35.56,92,0,5.35,clear sky
523,Mazagao,BR,2020-09-27 00:38:31,-0.12,-51.29,84.2,74,57,13.87,broken clouds
524,Corinto,GR,2020-09-27 00:38:31,37.94,22.96,66.0,41,7,1.01,clear sky
525,Qom,IR,2020-09-27 00:38:31,34.64,50.88,69.84,22,0,8.39,clear sky
526,Nouakchott,MR,2020-09-27 00:38:32,18.09,-15.98,84.2,89,0,8.05,clear sky
527,Meulaboh,ID,2020-09-27 00:38:32,4.14,96.13,78.33,79,14,4.0,few clouds
528,San Cristobal,VE,2020-09-27 00:38:32,7.77,-72.22,84.2,66,40,11.41,thunderstorm
529,Kalamare,BW,2020-09-27 00:38:32,-22.93,26.57,59.56,27,0,6.04,clear sky
530,Tura,IN,2020-09-27 00:38:32,25.52,90.22,74.14,98,100,5.44,overcast clouds
531,Sinnamary,GF,2020-09-27 00:38:32,5.38,-52.95,79.14,83,0,9.62,clear sky
532,Hope,US,2020-09-27 00:38:33,33.67,-93.59,73.99,73,0,3.87,clear sky
533,Vavozh,RU,2020-09-27 00:38:33,56.78,51.93,46.74,81,100,3.58,overcast clouds
534,Hitoyoshi,JP,2020-09-27 00:38:33,32.22,130.75,73.0,77,20,8.05,few clouds
535,Dakar,SN,2020-09-27 00:34:17,14.69,-17.44,75.2,100,5,11.36,clear sky
536,Anadyr,RU,2020-09-27 00:33:47,64.75,177.48,39.2,55,20,6.71,few clouds
537,Nara,JP,2020-09-27 00:38:33,34.69,135.8,75.2,64,75,8.05,broken clouds
538,Zheshart,RU,2020-09-27 00:38:34,62.07,49.57,47.26,96,29,4.97,scattered clouds
539,Pekan,MY,2020-09-27 00:38:34,3.48,103.4,77.0,83,20,2.24,few clouds
540,Opuwo,NA,2020-09-27 00:38:34,-18.06,13.84,59.27,34,0,5.37,clear sky
541,Nova Olimpia,BR,2020-09-27 00:38:34,-14.8,-57.29,82.85,57,60,8.41,broken clouds
542,Taganak,PH,2020-09-27 00:38:35,6.08,118.3,82.4,83,20,4.7,few clouds
543,Lasa,IT,2020-09-27 00:38:35,46.62,10.7,37.99,65,40,3.36,scattered clouds
544,Pochutla,MX,2020-09-27 00:38:35,15.74,-96.47,80.6,78,90,1.01,overcast clouds
545,Peniche,PT,2020-09-27 00:38:35,39.36,-9.38,64.0,90,100,8.99,overcast clouds
546,Niksic,ME,2020-09-27 00:38:36,42.77,18.94,55.4,93,40,3.36,scattered clouds
547,Mehamn,NO,2020-09-27 00:38:36,71.04,27.85,40.6,70,0,16.06,clear sky
548,Hobyo,SO,2020-09-27 00:38:36,5.35,48.53,77.0,85,92,19.93,overcast clouds
549,Vestmanna,FO,2020-09-27 00:38:36,62.16,-7.17,44.6,87,100,11.41,overcast clouds
550,Nenjiang,CN,2020-09-27 00:38:36,49.18,125.22,61.83,78,100,17.6,overcast clouds
551,Isangel,VU,2020-09-27 00:38:37,-19.55,169.27,82.4,74,75,9.17,broken clouds
552,Vanderhoof,CA,2020-09-27 00:38:37,54.02,-124.02,52.84,52,0,8.63,clear sky
553,Xingyi,CN,2020-09-27 00:38:37,24.19,102.82,61.59,97,100,2.93,overcast clouds
554,Karratha,AU,2020-09-27 00:38:06,-20.74,116.85,81.39,23,0,5.64,clear sky
555,Zhigansk,RU,2020-09-27 00:38:37,66.77,123.37,44.91,81,82,4.07,broken clouds
556,Pafos,CY,2020-09-27 00:38:38,34.77,32.42,68.0,72,0,6.93,clear sky
557,Portlethen,GB,2020-09-27 00:38:38,57.05,-2.13,46.4,75,90,13.87,overcast clouds
558,Piet Retief,ZA,2020-09-27 00:38:38,-27.01,30.81,54.77,88,100,5.28,overcast clouds
559,Hualmay,PE,2020-09-27 00:38:39,-11.1,-77.61,60.82,84,36,9.95,scattered clouds
560,Luchenza,MW,2020-09-27 00:38:39,-16.01,35.31,72.99,35,0,9.57,clear sky
561,Nioki,CD,2020-09-27 00:38:39,-2.72,17.68,72.41,94,100,1.68,heavy intensity rain
562,Sao Filipe,CV,2020-09-27 00:38:39,14.9,-24.5,81.34,82,70,7.74,broken clouds
563,Esmeraldas,BR,2020-09-27 00:38:39,-19.76,-44.31,75.2,44,0,10.29,clear sky
564,Prince Rupert,CA,2020-09-27 00:38:40,54.32,-130.32,55.4,76,1,4.7,clear sky
565,Adre,TD,2020-09-27 00:38:40,13.47,22.2,74.77,64,100,4.09,overcast clouds
566,Itamaraca,BR,2020-09-27 00:38:40,-7.75,-34.83,78.8,74,40,11.41,scattered clouds
567,Harnoli,PK,2020-09-27 00:38:40,32.28,71.55,78.96,30,0,9.1,clear sky
568,Ust-Nera,RU,2020-09-27 00:38:41,64.57,143.2,46.65,51,100,5.55,overcast clouds
569,Biograd Na Moru,HR,2020-09-27 00:38:41,43.94,15.45,53.01,87,20,6.93,few clouds
570,Gavrilov Posad,RU,2020-09-27 00:38:41,56.56,40.12,50.7,78,0,7.63,clear sky
571,Douentza,ML,2020-09-27 00:38:41,15.0,-2.95,84.25,51,100,5.88,overcast clouds
572,Roebourne,AU,2020-09-27 00:38:42,-20.78,117.13,81.88,24,0,7.83,clear sky
573,Ponta Delgada,PT,2020-09-27 00:38:42,37.73,-25.67,69.8,83,75,11.41,broken clouds
574,Sao Gotardo,BR,2020-09-27 00:38:42,-19.31,-46.05,68.0,63,0,2.06,clear sky
575,Charlottesville,US,2020-09-27 00:38:44,38.03,-78.48,68.0,88,75,2.42,broken clouds
576,Cabedelo,BR,2020-09-27 00:38:44,-6.98,-34.83,73.4,88,40,6.93,scattered clouds
577,Caete,BR,2020-09-27 00:38:44,-19.88,-43.67,75.2,46,0,3.36,clear sky
578,Stavern,NO,2020-09-27 00:38:44,59.0,10.03,51.01,100,100,17.22,overcast clouds
579,Rundu,NA,2020-09-27 00:38:45,-17.93,19.77,66.69,25,0,2.82,clear sky
580,Caronport,CA,2020-09-27 00:38:45,50.45,-105.82,52.0,87,100,15.99,overcast clouds
581,Maldonado,UY,2020-09-27 00:38:45,-34.67,-54.92,62.6,88,90,4.7,overcast clouds
582,Potiskum,NG,2020-09-27 00:38:45,11.71,11.07,74.97,80,85,14.74,overcast clouds
583,Ilorin,NG,2020-09-27 00:38:46,8.5,4.55,71.74,86,100,3.94,overcast clouds
584,Tulsipur,NP,2020-09-27 00:38:46,28.13,82.3,78.01,93,0,3.06,clear sky
585,Bodden Town,KY,2020-09-27 00:38:46,19.28,-81.25,87.01,83,40,4.7,thunderstorm
586,Nanakuli,US,2020-09-27 00:36:20,21.39,-158.15,89.6,66,90,11.41,overcast clouds
587,Ongandjera,NA,2020-09-27 00:38:47,-17.88,15.07,64.53,27,0,11.83,clear sky
588,Anamur,TR,2020-09-27 00:38:47,36.08,32.84,69.8,94,0,5.82,clear sky
589,Vao,NC,2020-09-27 00:38:47,-22.67,167.48,73.78,84,0,6.73,clear sky
590,Tornio,FI,2020-09-27 00:38:47,65.85,24.15,44.6,93,75,11.41,broken clouds
591,Guilin,CN,2020-09-27 00:34:10,25.28,110.29,66.2,100,90,2.24,mist
592,Nortelandia,BR,2020-09-27 00:38:48,-14.45,-56.8,80.55,56,58,4.56,broken clouds
593,Yining,CN,2020-09-27 00:38:48,29.04,114.56,63.68,88,100,1.05,overcast clouds
594,Dunedin,NZ,2020-09-27 00:38:21,-45.87,170.5,48.0,69,100,24.0,overcast clouds
595,Pangnirtung,CA,2020-09-27 00:38:48,66.15,-65.71,33.08,88,87,3.47,overcast clouds
596,Aykhal,RU,2020-09-27 00:38:48,66.0,111.5,30.2,100,90,8.95,fog
597,De-Kastri,RU,2020-09-27 00:38:49,51.47,140.78,56.8,79,100,4.72,overcast clouds
598,Rocha,UY,2020-09-27 00:38:49,-34.48,-54.33,59.94,97,100,7.38,overcast clouds
599,Beppu,JP,2020-09-27 00:38:49,33.27,131.49,75.2,57,40,12.75,scattered clouds
600,Riyadh,SA,2020-09-27 00:38:49,24.69,46.72,78.8,29,0,2.24,clear sky
601,Alihe,CN,2020-09-27 00:38:50,50.57,123.72,61.39,78,41,6.64,scattered clouds
602,Nisia Floresta,BR,2020-09-27 00:38:50,-6.09,-35.21,77.0,78,0,11.41,clear sky
603,Shenjiamen,CN,2020-09-27 00:38:50,29.96,122.3,73.38,70,55,7.7,broken clouds
604,Talavera,PH,2020-09-27 00:38:50,15.62,120.93,80.6,88,75,2.24,broken clouds
605,Gurupi,BR,2020-09-27 00:37:57,-11.73,-49.07,80.83,48,10,6.06,clear sky
606,Santiago Del Estero,AR,2020-09-27 00:38:50,-27.8,-64.26,81.19,36,35,18.25,scattered clouds
607,Samarai,PG,2020-09-27 00:38:51,-10.62,150.67,80.01,85,64,14.83,broken clouds
608,Vitim,RU,2020-09-27 00:38:51,59.45,112.56,44.64,78,100,8.19,overcast clouds
609,Bocaiuva,BR,2020-09-27 00:38:51,-17.11,-43.81,78.8,29,0,9.17,clear sky
610,South Lake Tahoe,US,2020-09-27 00:38:51,38.93,-119.98,75.99,27,1,4.7,clear sky
611,Egvekinot,RU,2020-09-27 00:38:51,66.32,-179.17,33.17,78,0,3.58,clear sky
612,Formosa Do Rio Preto,BR,2020-09-27 00:38:52,-11.05,-45.19,75.27,40,0,3.98,clear sky
613,Vila Velha,BR,2020-09-27 00:37:14,-20.33,-40.29,78.01,83,0,13.87,clear sky
614,Taltal,CL,2020-09-27 00:38:52,-25.4,-70.48,54.97,76,0,4.61,clear sky
615,Todos Santos,MX,2020-09-27 00:38:52,23.45,-110.22,84.0,76,3,1.99,clear sky
616,Yarmouth,US,2020-09-27 00:35:53,41.71,-70.23,64.99,93,90,4.7,overcast clouds
617,Stockelsdorf,DE,2020-09-27 00:38:53,53.89,10.63,54.0,90,95,3.0,overcast clouds
618,Altay,CN,2020-09-27 00:38:53,47.87,88.12,38.23,70,0,1.86,clear sky
619,Springbok,ZA,2020-09-27 00:38:53,-29.66,17.89,35.62,94,0,1.54,clear sky
620,Palmer,US,2020-09-27 00:38:53,42.16,-72.33,68.0,77,75,3.36,broken clouds
621,Lamar,US,2020-09-27 00:38:53,33.67,-95.58,73.4,78,40,11.41,scattered clouds
622,Toora-Khem,RU,2020-09-27 00:38:54,52.47,96.11,33.53,89,100,1.63,overcast clouds
623,Caraballeda,VE,2020-09-27 00:38:54,10.61,-66.85,73.99,76,82,5.73,broken clouds
624,Mahon,ES,2020-09-27 00:38:54,39.89,4.27,69.8,56,73,21.92,broken clouds
625,Werda,BW,2020-09-27 00:38:54,-25.27,23.28,51.82,38,0,7.67,clear sky
626,Matara,LK,2020-09-27 00:38:55,5.95,80.54,77.49,89,22,5.59,few clouds
627,Fuling,CN,2020-09-27 00:38:55,29.7,107.39,65.66,80,93,1.81,overcast clouds
628,Kenai,US,2020-09-27 00:38:55,60.55,-151.26,51.8,87,90,3.36,light rain
629,Taft,IR,2020-09-27 00:38:55,31.75,54.21,68.0,18,0,6.93,clear sky
630,Maumere,ID,2020-09-27 00:38:55,-8.62,122.21,83.48,71,97,4.59,overcast clouds
631,Pandan,PH,2020-09-27 00:38:56,14.05,124.17,86.36,68,100,0.76,overcast clouds
632,Mahajanga,MG,2020-09-27 00:38:56,-15.72,46.32,69.8,94,29,2.24,scattered clouds
633,Lulea,SE,2020-09-27 00:38:56,65.58,22.15,42.8,75,99,10.29,overcast clouds
634,Marawi,PH,2020-09-27 00:38:56,8.0,124.29,81.0,77,0,1.01,clear sky
635,Baia De Aries,RO,2020-09-27 00:38:56,46.38,23.28,53.6,93,20,4.7,few clouds
636,Muroto,JP,2020-09-27 00:38:57,33.28,134.15,77.0,57,20,17.22,few clouds
637,Gondanglegi,ID,2020-09-27 00:38:57,-7.75,112.01,83.97,58,99,15.86,overcast clouds
638,Port Hardy,CA,2020-09-27 00:38:57,50.7,-127.42,55.4,87,40,3.36,shower rain
639,Carutapera,BR,2020-09-27 00:38:57,-1.2,-46.02,77.29,81,100,6.58,overcast clouds
640,Ponca City,US,2020-09-27 00:38:58,36.71,-97.09,84.2,48,1,9.17,clear sky
641,Tokur,RU,2020-09-27 00:38:58,53.13,132.9,51.66,77,100,4.14,overcast clouds
642,Saint Anthony,US,2020-09-27 00:37:37,45.02,-93.22,66.2,93,90,10.29,mist
643,Bollnas,SE,2020-09-27 00:38:58,61.35,16.39,51.98,92,100,8.79,overcast clouds
644,Pihani,IN,2020-09-27 00:38:58,27.63,80.2,76.19,65,23,1.52,few clouds
645,Tocopilla,CL,2020-09-27 00:38:59,-22.09,-70.2,61.32,62,18,9.28,few clouds
646,Ntungamo,UG,2020-09-27 00:38:59,-0.88,29.65,63.25,87,74,2.24,broken clouds
647,Berlevag,NO,2020-09-27 00:38:59,70.86,29.09,41.47,68,0,15.17,clear sky
648,Lingao,CN,2020-09-27 00:38:59,19.91,109.69,83.32,81,100,9.26,light rain
649,Nalut,LY,2020-09-27 00:38:59,30.33,10.85,69.62,69,31,9.1,scattered clouds
650,Iringa,TZ,2020-09-27 00:39:00,-7.77,35.7,54.16,90,89,2.95,overcast clouds
651,Barahona,DO,2020-09-27 00:39:00,18.21,-71.1,81.03,73,96,5.06,overcast clouds
652,Nizhniy Kuranakh,RU,2020-09-27 00:39:00,58.84,125.49,59.63,52,100,11.59,overcast clouds
653,Laurel,US,2020-09-27 00:39:00,39.1,-76.85,69.01,94,75,1.43,broken clouds
654,Gimli,CA,2020-09-27 00:39:01,50.63,-96.99,66.99,90,11,6.8,few clouds
655,Santa Cruz,BO,2020-09-27 00:34:55,-17.8,-63.17,84.2,66,0,11.41,clear sky
656,Luchegorsk,RU,2020-09-27 00:39:01,46.48,134.26,59.0,62,0,2.08,clear sky
657,Saint Marys,US,2020-09-27 00:38:31,30.73,-81.55,78.8,88,40,4.7,scattered clouds
658,Whitefish,US,2020-09-27 00:36:52,48.41,-114.34,55.4,43,1,14.99,clear sky
659,Causapscal,CA,2020-09-27 00:39:07,48.35,-67.23,61.07,87,95,8.57,overcast clouds
660,Wanning,CN,2020-09-27 00:39:09,18.8,110.4,84.56,77,100,3.6,overcast clouds
661,Pula,HR,2020-09-27 00:39:09,44.87,13.85,55.0,81,75,18.34,heavy intensity rain
662,Lentekhi,GE,2020-09-27 00:39:09,42.79,42.73,56.93,60,0,5.5,clear sky
663,Aksay,RU,2020-09-27 00:39:09,47.26,39.87,60.8,48,93,20.13,overcast clouds
664,Bukachacha,RU,2020-09-27 00:39:10,52.98,116.92,40.05,84,100,10.78,overcast clouds
665,Aix-En-Provence,FR,2020-09-27 00:39:10,43.53,5.45,51.8,66,1,18.34,clear sky
666,Hovd,MN,2020-09-27 00:39:10,48.01,91.64,39.24,65,80,2.17,broken clouds
667,Daru,PG,2020-09-27 00:39:10,-9.08,143.21,82.24,70,30,14.18,scattered clouds
668,Paita,PE,2020-09-27 00:39:11,-5.09,-81.11,62.82,82,0,11.79,clear sky
669,Pangkalanbuun,ID,2020-09-27 00:37:11,-2.68,111.62,81.43,78,100,1.28,overcast clouds
670,Vakhrushev,RU,2020-09-27 00:39:11,48.98,142.97,52.41,74,100,15.01,overcast clouds
671,Colares,PT,2020-09-27 00:39:12,38.8,-9.45,66.0,92,16,20.8,few clouds
672,Henties Bay,NA,2020-09-27 00:39:12,-22.12,14.28,51.01,87,0,12.46,clear sky
673,Iskateley,RU,2020-09-27 00:39:12,67.68,53.15,47.41,90,97,3.06,overcast clouds
674,Ixtapa,MX,2020-09-27 00:39:07,20.7,-105.2,86.0,74,90,5.82,overcast clouds
675,Noumea,NC,2020-09-27 00:34:45,-22.28,166.46,82.0,73,90,11.41,overcast clouds
676,Tabriz,IR,2020-09-27 00:39:13,38.08,46.29,62.6,59,0,9.17,clear sky
677,Katherine,AU,2020-09-27 00:39:13,-14.47,132.27,87.8,52,90,5.82,overcast clouds
678,Ordu,TR,2020-09-27 00:39:13,40.91,37.68,66.2,100,0,1.12,clear sky
679,Makat,KZ,2020-09-27 00:39:13,47.65,53.35,51.82,44,0,11.61,clear sky
680,Uvat,RU,2020-09-27 00:39:14,59.14,68.9,46.45,93,86,4.61,overcast clouds
681,Prado,BR,2020-09-27 00:39:14,-17.34,-39.22,71.2,88,6,6.08,clear sky
682,Talas,TR,2020-09-27 00:39:14,38.69,35.55,50.0,76,0,1.12,clear sky
683,Te Anau,NZ,2020-09-27 00:39:14,-45.42,167.72,43.03,78,77,10.38,light rain
